{
  "type": "minecraft:block",
  "pools": [
    {
      "bonus_rolls": 0,
      "entries": [
        {
          "type": "minecraft:item",
          "functions": [
            {
              "function": "minecraft:copy_components",
              "include": [
                "minecraft:custom_name",
                "minecraft:container",
                "minecraft:lock",
                "minecraft:container_loot"
              ],
              "source": "block_entity"
            }
          ],
          "name": "minecraft:yellow_shulker_box",
          "conditions": [
            {
                "condition": "inverted",
                "term": 
            {
              "condition": "minecraft:match_tool",
              "predicate": {
                "predicates": {
                  "minecraft:custom_data": "{raid:{id:\"silky\"}}"
                }
              }
            }
            }
          ]
        }
      ],
      "rolls": 1
    },
    {
      "rolls": 1,
      "entries": [
        {
          "type": "minecraft:dynamic",
          "name": "minecraft:contents",
          "conditions": [
            {
              "condition": "minecraft:match_tool",
              "predicate": {
                "predicates": {
                  "minecraft:custom_data": "{raid:{id:\"silky\"}}"
                }
              }
            }
          ]
        }
      ]
    }
  ],
  "random_sequence": "minecraft:blocks/yellow_shulker_box"
}