{
    "description": "",
    "supported_items": [
        "elytra"
    ],
    "weight": 1,
    "max_level": 1,
    "min_cost": {
      "base": 0,
      "per_level_above_first": 0
    },
    "max_cost": {
      "base": 0,
      "per_level_above_first": 0
    },
    "anvil_cost": 0,
    "slots": [
      "any"
    ],
    "effects": {
      "minecraft:damage_immunity": [
        {
          "requirements": {
            "condition": "minecraft:damage_source_properties",
            "predicate": {
              "tags": [
                {
                  "id": "raid:elytra_damage",
                  "expected": true
                }
              ]
            }
          },
          "effect": {}
        }
      ]
    }
  }